mass,x,y,z,vx,vy,vz
4.8675E24,8.585424E7,-5.899679E7,-3.1978102E7,1904940.0,2162910.0,852698.0
