mass,x,y,z,vx,vy,vz
5.6834E26,1.219250866E9,-7.41353583E8,-3.58707519E8,420866.0,645417.0,248481.0
