mass,x,y,z,vx,vy,vz
3.3011E23,1.431783E7,3.940648E7,1.956691E7,-4677070.0,1507580.0,1290110.0
1.02409E26,4.4522029981E9,-3.66266152E8,-2.60759205E8,42998.1,436848.0,177795.0
