mass,x,y,z,vx,vy,vz
1.8982E27,7.23536157E8,1.5122385E8,4.7206669E7,-251843.0,1061850.0,461269.0
