mass,x,y,z,vx,vy,vz
5.97237E24,-2.804604E7,1.32512447E8,5.7443075E7,-2576140.0,-418553.0,-181525.0
