mass,x,y,z,vx,vy,vz
8.681E25,1.999643865E9,1.987630087E9,8.42229103E8,-436135.0,340087.0,155103.0
