mass,x,y,z,vx,vy,vz
3.3011E23,1.431783E7,3.940648E7,1.956691E7,-4677070.0,1507580.0,1290110.0
5.6834E26,1.219250866E9,-7.41353583E8,-3.58707519E8,420866.0,645417.0,248481.0
4.8675E24,8.585424E7,-5.899679E7,-3.1978102E7,1904940.0,2162910.0,852698.0
1.8982E27,7.23536157E8,1.5122385E8,4.7206669E7,-251843.0,1061850.0,461269.0
1.02409E26,4.4522029981E9,-3.66266152E8,-2.60759205E8,42998.1,436848.0,177795.0
