mass,x,y,z,vx,vy,vz
6.4171E23,7094670.0,2.12849137E8,9.7437938E7,-2012540.0,216137.0,153438.0
1.98847E30,-1.0151280776075493E-32,6.685338993795953E-32,2.9027998230196176E-32,-1.0151280776075493E-32,6.685338993795953E-32,2.9027998230196176E-32
5.97237E24,-2.804604E7,1.32512447E8,5.7443075E7,-2576140.0,-418553.0,-181525.0
8.681E25,1.999643865E9,1.987630087E9,8.42229103E8,-436135.0,340087.0,155103.0
