mass,x,y,z,vx,vy,vz
5.6834E26,1.219250866E9,-7.41353583E8,-3.58707519E8,420866.0,645417.0,248481.0
1.8982E27,7.23536157E8,1.5122385E8,4.7206669E7,-251843.0,1061850.0,461269.0
