mass,x,y,z,vx,vy,vz
1.98847E30,1.7074578027391732E-33,1.696539046840892E-33,7.188741559256562E-34,1.7074578027391732E-33,1.696539046840892E-33,7.188741559256562E-34
8.681E25,1.999643865E9,1.987630087E9,8.42229103E8,-436135.0,340087.0,155103.0
