mass,x,y,z,vx,vy,vz
6.4171E23,7094670.0,2.12849137E8,9.7437938E7,-2012540.0,216137.0,153438.0
5.97237E24,-2.804604E7,1.32512447E8,5.7443075E7,-2576140.0,-418553.0,-181525.0
