Threads,Partitions,Time Taken (seconds)
1,1,0.0914921760559082
2,2,0.05363631248474121
4,4,0.05823016166687012
8,8,0.10396909713745117
