Threads,Partitions,Time Taken (seconds)
1,1,0.11452770233154297
2,2,0.1244206428527832
4,4,0.12078452110290527
8,8,0.11474323272705078
