Threads,Partitions,Time Taken (seconds)
1,1,0.23718786239624023
2,2,0.11207318305969238
4,4,0.0731508731842041
8,8,0.08437681198120117
