Threads,Partitions,Time Taken (seconds)
1,1,0.12153172492980957
2,2,0.09027457237243652
4,4,0.06978964805603027
8,8,0.06461954116821289
