Threads,Partitions,Time Taken (seconds)
1,1,0.10264086723327637
2,2,0.04999542236328125
4,4,0.06784319877624512
8,8,0.06061911582946777
