Threads,Partitions,Time Taken (seconds)
1,1,0.16552186012268066
2,2,0.1215217113494873
4,4,0.07176947593688965
8,8,0.06933403015136719
