Threads,Partitions,Time Taken (seconds)
1,1,0.1410226821899414
2,2,0.08873534202575684
4,4,0.07546424865722656
8,8,0.06940269470214844
