Threads,Partitions,Time Taken (seconds)
1,1,0.1304018497467041
2,2,0.09049344062805176
4,4,0.07973361015319824
8,8,0.09839153289794922
