Threads,Partitions,Time Taken (seconds)
1,1,0.15971994400024414
2,2,0.08431434631347656
4,4,0.06347846984863281
8,8,0.055170536041259766
